qualification,qualification_name
Certificate,English Language and Literature
Diploma,English Language and Literature
Bachelor,English Language and Literature
Master,English Language and Literature
PhD,English Language and Literature
Certificate,Business Analysis
Diploma,Business Analysis
Bachelor,Business Analysis
Master,Business Analysis
PhD,Business Analysis
Certificate,Project Management
Diploma,Project Management
Bachelor,Project Management
Master,Project Management
PhD,Project Management
Certificate,Technical Writing
Diploma,Technical Writing
Bachelor,Technical Writing
Master,Technical Writing
PhD,Technical Writing
Certificate,Psychology
Diploma,Psychology
Bachelor,Psychology
Master,Psychology
PhD,Psychology
Certificate,Electronic Engineering
Diploma,Electronic Engineering
Bachelor,Electronic Engineering
Master,Electronic Engineering
PhD,Electronic Engineering
Certificate,Unix System Administration
Diploma,Unix System Administration
Bachelor,Unix System Administration
Master,Unix System Administration
PhD,Unix System Administration
Certificate,Engineering
Diploma,Engineering
Bachelor,Engineering
Master,Engineering
PhD,Engineering
Certificate,Pharmacy
Diploma,Pharmacy
Bachelor,Pharmacy
Master,Pharmacy
PhD,Pharmacy
Certificate,Tourism and Travel Services Management
Diploma,Tourism and Travel Services Management
Bachelor,Tourism and Travel Services Management
Master,Tourism and Travel Services Management
PhD,Tourism and Travel Services Management
Certificate,Business Administration
Diploma,Business Administration
Bachelor,Business Administration
Master,Business Administration
PhD,Business Administration
Certificate,Business Management
Diploma,Business Management
Bachelor,Business Management
Master,Business Management
PhD,Business Management
Certificate,Food Science
Diploma,Food Science
Bachelor,Food Science
Master,Food Science
PhD,Food Science
Certificate,Biochemistry and Biotechnology
Diploma,Biochemistry and Biotechnology
Bachelor,Biochemistry and Biotechnology
Master,Biochemistry and Biotechnology
PhD,Biochemistry and Biotechnology
Certificate,Law
Diploma,Law
Bachelor,Law
Master,Law
PhD,Law
Certificate,Buiness Administration
Diploma,Buiness Administration
Bachelor,Buiness Administration
Master,Buiness Administration
PhD,Buiness Administration
Certificate,History
Diploma,History
Bachelor,History
Master,History
PhD,History
Certificate,Electrical Engineering
Diploma,Electrical Engineering
Bachelor,Electrical Engineering
Master,Electrical Engineering
PhD,Electrical Engineering
Certificate,Piano
Diploma,Piano
Bachelor,Piano
Master,Piano
PhD,Piano
Certificate,Web Development
Diploma,Web Development
Bachelor,Web Development
Master,Web Development
PhD,Web Development
Certificate,Pharmacology
Diploma,Pharmacology
Bachelor,Pharmacology
Master,Pharmacology
PhD,Pharmacology
Certificate,Medicine and Medical Biosciences
Diploma,Medicine and Medical Biosciences
Bachelor,Medicine and Medical Biosciences
Master,Medicine and Medical Biosciences
PhD,Medicine and Medical Biosciences
Certificate,Graphic Design
Diploma,Graphic Design
Bachelor,Graphic Design
Master,Graphic Design
PhD,Graphic Design
Certificate,Software Engineering of Distributed and Internet Systems
Diploma,Software Engineering of Distributed and Internet Systems
Bachelor,Software Engineering of Distributed and Internet Systems
Master,Software Engineering of Distributed and Internet Systems
PhD,Software Engineering of Distributed and Internet Systems
Certificate,Mechanical Engineering
Diploma,Mechanical Engineering
Bachelor,Mechanical Engineering
Master,Mechanical Engineering
PhD,Mechanical Engineering
Certificate,Applied Psychology
Diploma,Applied Psychology
Bachelor,Applied Psychology
Master,Applied Psychology
PhD,Applied Psychology
Certificate,Social Work
Diploma,Social Work
Bachelor,Social Work
Master,Social Work
PhD,Social Work
Certificate,Management and Leadership
Diploma,Management and Leadership
Bachelor,Management and Leadership
Master,Management and Leadership
PhD,Management and Leadership
Certificate,Human Services
Diploma,Human Services
Bachelor,Human Services
Master,Human Services
PhD,Human Services
Certificate,Legal Practice
Diploma,Legal Practice
Bachelor,Legal Practice
Master,Legal Practice
PhD,Legal Practice
Certificate,Laws
Diploma,Laws
Bachelor,Laws
Master,Laws
PhD,Laws
Certificate,Public Administration
Diploma,Public Administration
Bachelor,Public Administration
Master,Public Administration
PhD,Public Administration
Certificate,Political Science and Government
Diploma,Political Science and Government
Bachelor,Political Science and Government
Master,Political Science and Government
PhD,Political Science and Government
Certificate,"Electrical, Electronics and Communications Engineering"
Diploma,"Electrical, Electronics and Communications Engineering"
Bachelor,"Electrical, Electronics and Communications Engineering"
Master,"Electrical, Electronics and Communications Engineering"
PhD,"Electrical, Electronics and Communications Engineering"
Certificate,Architecture
Diploma,Architecture
Bachelor,Architecture
Master,Architecture
PhD,Architecture
Certificate,Management Information Systems
Diploma,Management Information Systems
Bachelor,Management Information Systems
Master,Management Information Systems
PhD,Management Information Systems
Certificate,Accounting
Diploma,Accounting
Bachelor,Accounting
Master,Accounting
PhD,Accounting
Certificate,Civil Engineering
Diploma,Civil Engineering
Bachelor,Civil Engineering
Master,Civil Engineering
PhD,Civil Engineering
Certificate,Aesthetic Dentistry
Diploma,Aesthetic Dentistry
Bachelor,Aesthetic Dentistry
Master,Aesthetic Dentistry
PhD,Aesthetic Dentistry
Certificate,"Hotel Management, Catering Technology and Applied Nutrition"
Diploma,"Hotel Management, Catering Technology and Applied Nutrition"
Bachelor,"Hotel Management, Catering Technology and Applied Nutrition"
Master,"Hotel Management, Catering Technology and Applied Nutrition"
PhD,"Hotel Management, Catering Technology and Applied Nutrition"
Certificate,Language Interpretation and Translation
Diploma,Language Interpretation and Translation
Bachelor,Language Interpretation and Translation
Master,Language Interpretation and Translation
PhD,Language Interpretation and Translation
Certificate,Commerce
Diploma,Commerce
Bachelor,Commerce
Master,Commerce
PhD,Commerce
Certificate,Construction Management
Diploma,Construction Management
Bachelor,Construction Management
Master,Construction Management
PhD,Construction Management
Certificate,Power plant engineering
Diploma,Power plant engineering
Bachelor,Power plant engineering
Master,Power plant engineering
PhD,Power plant engineering
Certificate,General Studies
Diploma,General Studies
Bachelor,General Studies
Master,General Studies
PhD,General Studies
Certificate,"Public Relations, Advertising, and Applied Communication"
Diploma,"Public Relations, Advertising, and Applied Communication"
Bachelor,"Public Relations, Advertising, and Applied Communication"
Master,"Public Relations, Advertising, and Applied Communication"
PhD,"Public Relations, Advertising, and Applied Communication"
Certificate,Aerospace Management
Diploma,Aerospace Management
Bachelor,Aerospace Management
Master,Aerospace Management
PhD,Aerospace Management
Certificate,Geological and Earth Sciences/Geosciences
Diploma,Geological and Earth Sciences/Geosciences
Bachelor,Geological and Earth Sciences/Geosciences
Master,Geological and Earth Sciences/Geosciences
PhD,Geological and Earth Sciences/Geosciences
Certificate,Oral and Maxillofacial Surgery
Diploma,Oral and Maxillofacial Surgery
Bachelor,Oral and Maxillofacial Surgery
Master,Oral and Maxillofacial Surgery
PhD,Oral and Maxillofacial Surgery
Certificate,Dental Surgery
Diploma,Dental Surgery
Bachelor,Dental Surgery
Master,Dental Surgery
PhD,Dental Surgery
Certificate,Visual Communication Design
Diploma,Visual Communication Design
Bachelor,Visual Communication Design
Master,Visual Communication Design
PhD,Visual Communication Design
Certificate,Criminology
Diploma,Criminology
Bachelor,Criminology
Master,Criminology
PhD,Criminology
Certificate,Law Enforcement
Diploma,Law Enforcement
Bachelor,Law Enforcement
Master,Law Enforcement
PhD,Law Enforcement
Certificate,Criminal Justice/Police Science
Diploma,Criminal Justice/Police Science
Bachelor,Criminal Justice/Police Science
Master,Criminal Justice/Police Science
PhD,Criminal Justice/Police Science
Certificate,Accounting and Business/Management
Diploma,Accounting and Business/Management
Bachelor,Accounting and Business/Management
Master,Accounting and Business/Management
PhD,Accounting and Business/Management
Certificate,Accounting and Finance
Diploma,Accounting and Finance
Bachelor,Accounting and Finance
Master,Accounting and Finance
PhD,Accounting and Finance
Certificate,Culturally & Linguistically Diverse
Diploma,Culturally & Linguistically Diverse
Bachelor,Culturally & Linguistically Diverse
Master,Culturally & Linguistically Diverse
PhD,Culturally & Linguistically Diverse
Certificate,"Communication Sciences and Disorders, Special Education, Leadership and Administrative Skills"
Diploma,"Communication Sciences and Disorders, Special Education, Leadership and Administrative Skills"
Bachelor,"Communication Sciences and Disorders, Special Education, Leadership and Administrative Skills"
Master,"Communication Sciences and Disorders, Special Education, Leadership and Administrative Skills"
PhD,"Communication Sciences and Disorders, Special Education, Leadership and Administrative Skills"
Certificate,Physics
Diploma,Physics
Bachelor,Physics
Master,Physics
PhD,Physics
Certificate,"Communication, Journalism, and Related Programs"
Diploma,"Communication, Journalism, and Related Programs"
Bachelor,"Communication, Journalism, and Related Programs"
Master,"Communication, Journalism, and Related Programs"
PhD,"Communication, Journalism, and Related Programs"
Certificate,Humanities/Humanistic Studies
Diploma,Humanities/Humanistic Studies
Bachelor,Humanities/Humanistic Studies
Master,Humanities/Humanistic Studies
PhD,Humanities/Humanistic Studies
Certificate,Architecture Engineering
Diploma,Architecture Engineering
Bachelor,Architecture Engineering
Master,Architecture Engineering
PhD,Architecture Engineering
Certificate,Clinical/Medical Laboratory Science/Research and Allied Professions
Diploma,Clinical/Medical Laboratory Science/Research and Allied Professions
Bachelor,Clinical/Medical Laboratory Science/Research and Allied Professions
Master,Clinical/Medical Laboratory Science/Research and Allied Professions
PhD,Clinical/Medical Laboratory Science/Research and Allied Professions
Certificate,Biology
Diploma,Biology
Bachelor,Biology
Master,Biology
PhD,Biology
Certificate,Craft Catering
Diploma,Craft Catering
Bachelor,Craft Catering
Master,Craft Catering
PhD,Craft Catering
Certificate,Powertrain Engineering
Diploma,Powertrain Engineering
Bachelor,Powertrain Engineering
Master,Powertrain Engineering
PhD,Powertrain Engineering
Certificate,Visual Communication
Diploma,Visual Communication
Bachelor,Visual Communication
Master,Visual Communication
PhD,Visual Communication
Certificate,Registered Nursing/Registered Nurse
Diploma,Registered Nursing/Registered Nurse
Bachelor,Registered Nursing/Registered Nurse
Master,Registered Nursing/Registered Nurse
PhD,Registered Nursing/Registered Nurse
Certificate,Pre-Nursing Studies
Diploma,Pre-Nursing Studies
Bachelor,Pre-Nursing Studies
Master,Pre-Nursing Studies
PhD,Pre-Nursing Studies
Certificate,Commercial Engineering
Diploma,Commercial Engineering
Bachelor,Commercial Engineering
Master,Commercial Engineering
PhD,Commercial Engineering
Certificate,Business Administration and Management
Diploma,Business Administration and Management
Bachelor,Business Administration and Management
Master,Business Administration and Management
PhD,Business Administration and Management
Certificate,Nursing
Diploma,Nursing
Bachelor,Nursing
Master,Nursing
PhD,Nursing
Certificate,Dentistry
Diploma,Dentistry
Bachelor,Dentistry
Master,Dentistry
PhD,Dentistry
Certificate,Digital Marketing
Diploma,Digital Marketing
Bachelor,Digital Marketing
Master,Digital Marketing
PhD,Digital Marketing
Certificate,Marketing with Spanish
Diploma,Marketing with Spanish
Bachelor,Marketing with Spanish
Master,Marketing with Spanish
PhD,Marketing with Spanish
Certificate,Business Management and Marketing
Diploma,Business Management and Marketing
Bachelor,Business Management and Marketing
Master,Business Management and Marketing
PhD,Business Management and Marketing
Certificate,Technology Management
Diploma,Technology Management
Bachelor,Technology Management
Master,Technology Management
PhD,Technology Management
Certificate,Biomedical Engineering Technology
Diploma,Biomedical Engineering Technology
Bachelor,Biomedical Engineering Technology
Master,Biomedical Engineering Technology
PhD,Biomedical Engineering Technology
Certificate,Surgical Technology
Diploma,Surgical Technology
Bachelor,Surgical Technology
Master,Surgical Technology
PhD,Surgical Technology
Certificate,Electrical and Electronics Engineering
Diploma,Electrical and Electronics Engineering
Bachelor,Electrical and Electronics Engineering
Master,Electrical and Electronics Engineering
PhD,Electrical and Electronics Engineering
Certificate,Data Science
Diploma,Data Science
Bachelor,Data Science
Master,Data Science
PhD,Data Science
Certificate,Computer Systems Technology
Diploma,Computer Systems Technology
Bachelor,Computer Systems Technology
Master,Computer Systems Technology
PhD,Computer Systems Technology
Certificate,"Systems and Information Engineering, Studio Art"
Diploma,"Systems and Information Engineering, Studio Art"
Bachelor,"Systems and Information Engineering, Studio Art"
Master,"Systems and Information Engineering, Studio Art"
PhD,"Systems and Information Engineering, Studio Art"
Certificate,Criminal Justice and Corrections
Diploma,Criminal Justice and Corrections
Bachelor,Criminal Justice and Corrections
Master,Criminal Justice and Corrections
PhD,Criminal Justice and Corrections
Certificate,Liberal Studies
Diploma,Liberal Studies
Bachelor,Liberal Studies
Master,Liberal Studies
PhD,Liberal Studies
Certificate,Digital Communication and Media/Multimedia
Diploma,Digital Communication and Media/Multimedia
Bachelor,Digital Communication and Media/Multimedia
Master,Digital Communication and Media/Multimedia
PhD,Digital Communication and Media/Multimedia
Certificate,Coaching
Diploma,Coaching
Bachelor,Coaching
Master,Coaching
PhD,Coaching
Certificate,Administration
Diploma,Administration
Bachelor,Administration
Master,Administration
PhD,Administration
Certificate,Computer Science
Diploma,Computer Science
Bachelor,Computer Science
Master,Computer Science
PhD,Computer Science
Certificate,Audio Arts and Acoustics
Diploma,Audio Arts and Acoustics
Bachelor,Audio Arts and Acoustics
Master,Audio Arts and Acoustics
PhD,Audio Arts and Acoustics
Certificate,Finance
Diploma,Finance
Bachelor,Finance
Master,Finance
PhD,Finance
Certificate,"Banking, Corporate, Finance, and Securities Law"
Diploma,"Banking, Corporate, Finance, and Securities Law"
Bachelor,"Banking, Corporate, Finance, and Securities Law"
Master,"Banking, Corporate, Finance, and Securities Law"
PhD,"Banking, Corporate, Finance, and Securities Law"
Certificate,Criminal Justice/Safety Studies
Diploma,Criminal Justice/Safety Studies
Bachelor,Criminal Justice/Safety Studies
Master,Criminal Justice/Safety Studies
PhD,Criminal Justice/Safety Studies
Certificate,Surface Coatings
Diploma,Surface Coatings
Bachelor,Surface Coatings
Master,Surface Coatings
PhD,Surface Coatings
Certificate,Economics
Diploma,Economics
Bachelor,Economics
Master,Economics
PhD,Economics
Certificate,International Management
Diploma,International Management
Bachelor,International Management
Master,International Management
PhD,International Management
Certificate,"Electrical Engineering, Electronics and Automation Technology"
Diploma,"Electrical Engineering, Electronics and Automation Technology"
Bachelor,"Electrical Engineering, Electronics and Automation Technology"
Master,"Electrical Engineering, Electronics and Automation Technology"
PhD,"Electrical Engineering, Electronics and Automation Technology"
Certificate,Business Information Systems
Diploma,Business Information Systems
Bachelor,Business Information Systems
Master,Business Information Systems
PhD,Business Information Systems
Certificate,Business Information Technology
Diploma,Business Information Technology
Bachelor,Business Information Technology
Master,Business Information Technology
PhD,Business Information Technology
Certificate,Chemical Biotechnology
Diploma,Chemical Biotechnology
Bachelor,Chemical Biotechnology
Master,Chemical Biotechnology
PhD,Chemical Biotechnology
Certificate,Computer and Information Sciences and Support Services
Diploma,Computer and Information Sciences and Support Services
Bachelor,Computer and Information Sciences and Support Services
Master,Computer and Information Sciences and Support Services
PhD,Computer and Information Sciences and Support Services
Certificate,General Engineering
Diploma,General Engineering
Bachelor,General Engineering
Master,General Engineering
PhD,General Engineering
Certificate,Information Technology
Diploma,Information Technology
Bachelor,Information Technology
Master,Information Technology
PhD,Information Technology
Certificate,Business Management (Human Resources) and Marketing (Advertising & Digital Media)
Diploma,Business Management (Human Resources) and Marketing (Advertising & Digital Media)
Bachelor,Business Management (Human Resources) and Marketing (Advertising & Digital Media)
Master,Business Management (Human Resources) and Marketing (Advertising & Digital Media)
PhD,Business Management (Human Resources) and Marketing (Advertising & Digital Media)
Certificate,Clinical Psychology
Diploma,Clinical Psychology
Bachelor,Clinical Psychology
Master,Clinical Psychology
PhD,Clinical Psychology
Certificate,Application Developer in C#.NET Program
Diploma,Application Developer in C#.NET Program
Bachelor,Application Developer in C#.NET Program
Master,Application Developer in C#.NET Program
PhD,Application Developer in C#.NET Program
Certificate,Fine Arts and Humanities
Diploma,Fine Arts and Humanities
Bachelor,Fine Arts and Humanities
Master,Fine Arts and Humanities
PhD,Fine Arts and Humanities
Certificate,Education
Diploma,Education
Bachelor,Education
Master,Education
PhD,Education
Certificate,Interior Design
Diploma,Interior Design
Bachelor,Interior Design
Master,Interior Design
PhD,Interior Design
Certificate,Human rights and illegal movement of refugees and asylum seekers.
Diploma,Human rights and illegal movement of refugees and asylum seekers.
Bachelor,Human rights and illegal movement of refugees and asylum seekers.
Master,Human rights and illegal movement of refugees and asylum seekers.
PhD,Human rights and illegal movement of refugees and asylum seekers.
Certificate,Telecommunications Engineering (ECE)
Diploma,Telecommunications Engineering (ECE)
Bachelor,Telecommunications Engineering (ECE)
Master,Telecommunications Engineering (ECE)
PhD,Telecommunications Engineering (ECE)
Certificate,Environmental Health Sciences
Diploma,Environmental Health Sciences
Bachelor,Environmental Health Sciences
Master,Environmental Health Sciences
PhD,Environmental Health Sciences
Certificate,Public Health Education and Promotion
Diploma,Public Health Education and Promotion
Bachelor,Public Health Education and Promotion
Master,Public Health Education and Promotion
PhD,Public Health Education and Promotion
Certificate,Chemistry
Diploma,Chemistry
Bachelor,Chemistry
Master,Chemistry
PhD,Chemistry
Certificate,Marketing Management
Diploma,Marketing Management
Bachelor,Marketing Management
Master,Marketing Management
PhD,Marketing Management
Certificate,Arabic Language
Diploma,Arabic Language
Bachelor,Arabic Language
Master,Arabic Language
PhD,Arabic Language
Certificate,Mechanical Engineering Related Technologies
Diploma,Mechanical Engineering Related Technologies
Bachelor,Mechanical Engineering Related Technologies
Master,Mechanical Engineering Related Technologies
PhD,Mechanical Engineering Related Technologies
Certificate,Literature
Diploma,Literature
Bachelor,Literature
Master,Literature
PhD,Literature
Certificate,Marine Sciences
Diploma,Marine Sciences
Bachelor,Marine Sciences
Master,Marine Sciences
PhD,Marine Sciences
Certificate,Human Resources Management and Services
Diploma,Human Resources Management and Services
Bachelor,Human Resources Management and Services
Master,Human Resources Management and Services
PhD,Human Resources Management and Services
Certificate,Artificial Intelligence: Implications for Business Strategy
Diploma,Artificial Intelligence: Implications for Business Strategy
Bachelor,Artificial Intelligence: Implications for Business Strategy
Master,Artificial Intelligence: Implications for Business Strategy
PhD,Artificial Intelligence: Implications for Business Strategy
Certificate,Hospitality and Tourism Accommodation Management
Diploma,Hospitality and Tourism Accommodation Management
Bachelor,Hospitality and Tourism Accommodation Management
Master,Hospitality and Tourism Accommodation Management
PhD,Hospitality and Tourism Accommodation Management
Certificate,Tourism
Diploma,Tourism
Bachelor,Tourism
Master,Tourism
PhD,Tourism
Certificate,History and English
Diploma,History and English
Bachelor,History and English
Master,History and English
PhD,History and English
Certificate,Business and Accounting
Diploma,Business and Accounting
Bachelor,Business and Accounting
Master,Business and Accounting
PhD,Business and Accounting
Certificate,Business
Diploma,Business
Bachelor,Business
Master,Business
PhD,Business
Certificate,Business and Commerce
Diploma,Business and Commerce
Bachelor,Business and Commerce
Master,Business and Commerce
PhD,Business and Commerce
Certificate,Agronomy & Environmental Science (Turfgrass Management)
Diploma,Agronomy & Environmental Science (Turfgrass Management)
Bachelor,Agronomy & Environmental Science (Turfgrass Management)
Master,Agronomy & Environmental Science (Turfgrass Management)
PhD,Agronomy & Environmental Science (Turfgrass Management)
Certificate,Chemistry and Management
Diploma,Chemistry and Management
Bachelor,Chemistry and Management
Master,Chemistry and Management
PhD,Chemistry and Management
Certificate,Immunologie
Diploma,Immunologie
Bachelor,Immunologie
Master,Immunologie
PhD,Immunologie
Certificate,Organisation and Management
Diploma,Organisation and Management
Bachelor,Organisation and Management
Master,Organisation and Management
PhD,Organisation and Management
Certificate,Nursing Practice
Diploma,Nursing Practice
Bachelor,Nursing Practice
Master,Nursing Practice
PhD,Nursing Practice
Certificate,Pharmacy (Hons.)
Diploma,Pharmacy (Hons.)
Bachelor,Pharmacy (Hons.)
Master,Pharmacy (Hons.)
PhD,Pharmacy (Hons.)
Certificate,Clinical Pharmacy
Diploma,Clinical Pharmacy
Bachelor,Clinical Pharmacy
Master,Clinical Pharmacy
PhD,Clinical Pharmacy
Certificate,"Pharmacy, Pharmaceutical Sciences, and Administration"
Diploma,"Pharmacy, Pharmaceutical Sciences, and Administration"
Bachelor,"Pharmacy, Pharmaceutical Sciences, and Administration"
Master,"Pharmacy, Pharmaceutical Sciences, and Administration"
PhD,"Pharmacy, Pharmaceutical Sciences, and Administration"
Certificate,Visual Merchandising
Diploma,Visual Merchandising
Bachelor,Visual Merchandising
Master,Visual Merchandising
PhD,Visual Merchandising
Certificate,Retail Management
Diploma,Retail Management
Bachelor,Retail Management
Master,Retail Management
PhD,Retail Management
Certificate,Business Informatics
Diploma,Business Informatics
Bachelor,Business Informatics
Master,Business Informatics
PhD,Business Informatics
Certificate,Information Systems/Business Administration
Diploma,Information Systems/Business Administration
Bachelor,Information Systems/Business Administration
Master,Information Systems/Business Administration
PhD,Information Systems/Business Administration
Certificate,Consultant of Integrated Systems
Diploma,Consultant of Integrated Systems
Bachelor,Consultant of Integrated Systems
Master,Consultant of Integrated Systems
PhD,Consultant of Integrated Systems
Certificate,Specialized Computer Scientist: Systems Integration
Diploma,Specialized Computer Scientist: Systems Integration
Bachelor,Specialized Computer Scientist: Systems Integration
Master,Specialized Computer Scientist: Systems Integration
PhD,Specialized Computer Scientist: Systems Integration
Certificate,Human Resource Managementt and Human Services
Diploma,Human Resource Managementt and Human Services
Bachelor,Human Resource Managementt and Human Services
Master,Human Resource Managementt and Human Services
PhD,Human Resource Managementt and Human Services
Certificate,Global Career Development Facilitator Certificate
Diploma,Global Career Development Facilitator Certificate
Bachelor,Global Career Development Facilitator Certificate
Master,Global Career Development Facilitator Certificate
PhD,Global Career Development Facilitator Certificate
Certificate,HR Professional Certificate
Diploma,HR Professional Certificate
Bachelor,HR Professional Certificate
Master,HR Professional Certificate
PhD,HR Professional Certificate
Certificate,Sociology
Diploma,Sociology
Bachelor,Sociology
Master,Sociology
PhD,Sociology
Certificate,Computer Science And Engineering
Diploma,Computer Science And Engineering
Bachelor,Computer Science And Engineering
Master,Computer Science And Engineering
PhD,Computer Science And Engineering
Certificate,Electronics & Communication Engineering
Diploma,Electronics & Communication Engineering
Bachelor,Electronics & Communication Engineering
Master,Electronics & Communication Engineering
PhD,Electronics & Communication Engineering
Certificate,Administration and Public Policy
Diploma,Administration and Public Policy
Bachelor,Administration and Public Policy
Master,Administration and Public Policy
PhD,Administration and Public Policy
Certificate,Social
Diploma,Social
Bachelor,Social
Master,Social
PhD,Social
Certificate,Music and Business
Diploma,Music and Business
Bachelor,Music and Business
Master,Music and Business
PhD,Music and Business
Certificate,American/United States Studies/Civilization
Diploma,American/United States Studies/Civilization
Bachelor,American/United States Studies/Civilization
Master,American/United States Studies/Civilization
PhD,American/United States Studies/Civilization
Certificate,Strategic Negotiation and Conflict Management
Diploma,Strategic Negotiation and Conflict Management
Bachelor,Strategic Negotiation and Conflict Management
Master,Strategic Negotiation and Conflict Management
PhD,Strategic Negotiation and Conflict Management
Certificate,Supply Chain
Diploma,Supply Chain
Bachelor,Supply Chain
Master,Supply Chain
PhD,Supply Chain
Certificate,Business Logistics
Diploma,Business Logistics
Bachelor,Business Logistics
Master,Business Logistics
PhD,Business Logistics
Certificate,International Trade
Diploma,International Trade
Bachelor,International Trade
Master,International Trade
PhD,International Trade
Certificate,English Course
Diploma,English Course
Bachelor,English Course
Master,English Course
PhD,English Course
Certificate,Photography
Diploma,Photography
Bachelor,Photography
Master,Photography
PhD,Photography
Certificate,"Liberal Arts and Sciences, General Studies and Humanities"
Diploma,"Liberal Arts and Sciences, General Studies and Humanities"
Bachelor,"Liberal Arts and Sciences, General Studies and Humanities"
Master,"Liberal Arts and Sciences, General Studies and Humanities"
PhD,"Liberal Arts and Sciences, General Studies and Humanities"
Certificate,Sports and Exercise
Diploma,Sports and Exercise
Bachelor,Sports and Exercise
Master,Sports and Exercise
PhD,Sports and Exercise
Certificate,Meteorology
Diploma,Meteorology
Bachelor,Meteorology
Master,Meteorology
PhD,Meteorology
Certificate,Landscape Design
Diploma,Landscape Design
Bachelor,Landscape Design
Master,Landscape Design
PhD,Landscape Design
Certificate,The Architectural Imagination
Diploma,The Architectural Imagination
Bachelor,The Architectural Imagination
Master,The Architectural Imagination
PhD,The Architectural Imagination
Certificate,Fellow Certified Practicing Marketer (FAMI CPM)
Diploma,Fellow Certified Practicing Marketer (FAMI CPM)
Bachelor,Fellow Certified Practicing Marketer (FAMI CPM)
Master,Fellow Certified Practicing Marketer (FAMI CPM)
PhD,Fellow Certified Practicing Marketer (FAMI CPM)
Certificate,Certified Practising Marketer (CPM)
Diploma,Certified Practising Marketer (CPM)
Bachelor,Certified Practising Marketer (CPM)
Master,Certified Practising Marketer (CPM)
PhD,Certified Practising Marketer (CPM)
Certificate,Leadership & Followship of Cross Functional & Cross Cultural Teams
Diploma,Leadership & Followship of Cross Functional & Cross Cultural Teams
Bachelor,Leadership & Followship of Cross Functional & Cross Cultural Teams
Master,Leadership & Followship of Cross Functional & Cross Cultural Teams
PhD,Leadership & Followship of Cross Functional & Cross Cultural Teams
Certificate,Marketing
Diploma,Marketing
Bachelor,Marketing
Master,Marketing
PhD,Marketing
Certificate,Front Line Management
Diploma,Front Line Management
Bachelor,Front Line Management
Master,Front Line Management
PhD,Front Line Management
Certificate,Perioperative Medicine
Diploma,Perioperative Medicine
Bachelor,Perioperative Medicine
Master,Perioperative Medicine
PhD,Perioperative Medicine
Certificate,Administrative Science and Technology
Diploma,Administrative Science and Technology
Bachelor,Administrative Science and Technology
Master,Administrative Science and Technology
PhD,Administrative Science and Technology
Certificate,Health Services
Diploma,Health Services
Bachelor,Health Services
Master,Health Services
PhD,Health Services
Certificate,Health Services Research
Diploma,Health Services Research
Bachelor,Health Services Research
Master,Health Services Research
PhD,Health Services Research
Certificate,Internal Medicine Residency Program
Diploma,Internal Medicine Residency Program
Bachelor,Internal Medicine Residency Program
Master,Internal Medicine Residency Program
PhD,Internal Medicine Residency Program
Certificate,Osteopathic Medicine
Diploma,Osteopathic Medicine
Bachelor,Osteopathic Medicine
Master,Osteopathic Medicine
PhD,Osteopathic Medicine
Certificate,Econometrics and Quantitative Economics
Diploma,Econometrics and Quantitative Economics
Bachelor,Econometrics and Quantitative Economics
Master,Econometrics and Quantitative Economics
PhD,Econometrics and Quantitative Economics
Certificate,Computer Software Engineering
Diploma,Computer Software Engineering
Bachelor,Computer Software Engineering
Master,Computer Software Engineering
PhD,Computer Software Engineering
Certificate,Chemical Engineering Process Design
Diploma,Chemical Engineering Process Design
Bachelor,Chemical Engineering Process Design
Master,Chemical Engineering Process Design
PhD,Chemical Engineering Process Design
Certificate,MIS Network Administration with CompTIA
Diploma,MIS Network Administration with CompTIA
Bachelor,MIS Network Administration with CompTIA
Master,MIS Network Administration with CompTIA
PhD,MIS Network Administration with CompTIA
Certificate,Computer Information Systems and Management
Diploma,Computer Information Systems and Management
Bachelor,Computer Information Systems and Management
Master,Computer Information Systems and Management
PhD,Computer Information Systems and Management
Certificate,Biotechnology
Diploma,Biotechnology
Bachelor,Biotechnology
Master,Biotechnology
PhD,Biotechnology
Certificate,Secondary Education and Teaching
Diploma,Secondary Education and Teaching
Bachelor,Secondary Education and Teaching
Master,Secondary Education and Teaching
PhD,Secondary Education and Teaching
Certificate,English Language
Diploma,English Language
Bachelor,English Language
Master,English Language
PhD,English Language
Certificate,Industrial Engineering
Diploma,Industrial Engineering
Bachelor,Industrial Engineering
Master,Industrial Engineering
PhD,Industrial Engineering
Certificate,Chartered Accountancy
Diploma,Chartered Accountancy
Bachelor,Chartered Accountancy
Master,Chartered Accountancy
PhD,Chartered Accountancy
Certificate,Welding Technologies
Diploma,Welding Technologies
Bachelor,Welding Technologies
Master,Welding Technologies
PhD,Welding Technologies
Certificate,Political Sciences
Diploma,Political Sciences
Bachelor,Political Sciences
Master,Political Sciences
PhD,Political Sciences
Certificate,Social Sciences
Diploma,Social Sciences
Bachelor,Social Sciences
Master,Social Sciences
PhD,Social Sciences
Certificate,Directing and Theatrical Production
Diploma,Directing and Theatrical Production
Bachelor,Directing and Theatrical Production
Master,Directing and Theatrical Production
PhD,Directing and Theatrical Production
Certificate,Educational Leadership and Administration
Diploma,Educational Leadership and Administration
Bachelor,Educational Leadership and Administration
Master,Educational Leadership and Administration
PhD,Educational Leadership and Administration
Certificate,Zoology/Animal Biology
Diploma,Zoology/Animal Biology
Bachelor,Zoology/Animal Biology
Master,Zoology/Animal Biology
PhD,Zoology/Animal Biology
Certificate,"Business Administration and Management, General"
Diploma,"Business Administration and Management, General"
Bachelor,"Business Administration and Management, General"
Master,"Business Administration and Management, General"
PhD,"Business Administration and Management, General"
Certificate,Program Management
Diploma,Program Management
Bachelor,Program Management
Master,Program Management
PhD,Program Management
Certificate,Condensed Matter Physics
Diploma,Condensed Matter Physics
Bachelor,Condensed Matter Physics
Master,Condensed Matter Physics
PhD,Condensed Matter Physics
Certificate,Mathematics and Physics
Diploma,Mathematics and Physics
Bachelor,Mathematics and Physics
Master,Mathematics and Physics
PhD,Mathematics and Physics
Certificate,Commercial Law
Diploma,Commercial Law
Bachelor,Commercial Law
Master,Commercial Law
PhD,Commercial Law
Certificate,Business/Commerce
Diploma,Business/Commerce
Bachelor,Business/Commerce
Master,Business/Commerce
PhD,Business/Commerce
Certificate,Bioengineering
Diploma,Bioengineering
Bachelor,Bioengineering
Master,Bioengineering
PhD,Bioengineering
Certificate,International Business
Diploma,International Business
Bachelor,International Business
Master,International Business
PhD,International Business
Certificate,International Marketing
Diploma,International Marketing
Bachelor,International Marketing
Master,International Marketing
PhD,International Marketing
Certificate,Electronics and Communication Engineering
Diploma,Electronics and Communication Engineering
Bachelor,Electronics and Communication Engineering
Master,Electronics and Communication Engineering
PhD,Electronics and Communication Engineering
Certificate,Architectural Technology
Diploma,Architectural Technology
Bachelor,Architectural Technology
Master,Architectural Technology
PhD,Architectural Technology
Certificate,Journalism
Diploma,Journalism
Bachelor,Journalism
Master,Journalism
PhD,Journalism
Certificate,Media Studies
Diploma,Media Studies
Bachelor,Media Studies
Master,Media Studies
PhD,Media Studies
Certificate,Communications
Diploma,Communications
Bachelor,Communications
Master,Communications
PhD,Communications
Certificate,Hospitality Administration and Management
Diploma,Hospitality Administration and Management
Bachelor,Hospitality Administration and Management
Master,Hospitality Administration and Management
PhD,Hospitality Administration and Management
Certificate,Intellectual Property Law
Diploma,Intellectual Property Law
Bachelor,Intellectual Property Law
Master,Intellectual Property Law
PhD,Intellectual Property Law
Certificate,Aeronautics/Aviation/Aerospace Science and Technology
Diploma,Aeronautics/Aviation/Aerospace Science and Technology
Bachelor,Aeronautics/Aviation/Aerospace Science and Technology
Master,Aeronautics/Aviation/Aerospace Science and Technology
PhD,Aeronautics/Aviation/Aerospace Science and Technology
Certificate,Integrative and Organismal Biology/Neuroscience
Diploma,Integrative and Organismal Biology/Neuroscience
Bachelor,Integrative and Organismal Biology/Neuroscience
Master,Integrative and Organismal Biology/Neuroscience
PhD,Integrative and Organismal Biology/Neuroscience
Certificate,Neurobiology and Behavior
Diploma,Neurobiology and Behavior
Bachelor,Neurobiology and Behavior
Master,Neurobiology and Behavior
PhD,Neurobiology and Behavior
Certificate,Cinema Studies and Media and Communications
Diploma,Cinema Studies and Media and Communications
Bachelor,Cinema Studies and Media and Communications
Master,Cinema Studies and Media and Communications
PhD,Cinema Studies and Media and Communications
Certificate,Mass Communications
Diploma,Mass Communications
Bachelor,Mass Communications
Master,Mass Communications
PhD,Mass Communications
Certificate,Japanese Studies
Diploma,Japanese Studies
Bachelor,Japanese Studies
Master,Japanese Studies
PhD,Japanese Studies
Certificate,Advanced Nursing Practice
Diploma,Advanced Nursing Practice
Bachelor,Advanced Nursing Practice
Master,Advanced Nursing Practice
PhD,Advanced Nursing Practice
Certificate,Excercise Science
Diploma,Excercise Science
Bachelor,Excercise Science
Master,Excercise Science
PhD,Excercise Science
Certificate,Computer Applications
Diploma,Computer Applications
Bachelor,Computer Applications
Master,Computer Applications
PhD,Computer Applications
Certificate,Computer/Information Technology Administration and Management
Diploma,Computer/Information Technology Administration and Management
Bachelor,Computer/Information Technology Administration and Management
Master,Computer/Information Technology Administration and Management
PhD,Computer/Information Technology Administration and Management
Certificate,"Business Administration, Management and Operations"
Diploma,"Business Administration, Management and Operations"
Bachelor,"Business Administration, Management and Operations"
Master,"Business Administration, Management and Operations"
PhD,"Business Administration, Management and Operations"
Certificate,Manufacturing Engineering Technology
Diploma,Manufacturing Engineering Technology
Bachelor,Manufacturing Engineering Technology
Master,Manufacturing Engineering Technology
PhD,Manufacturing Engineering Technology
Certificate,Information System Management
Diploma,Information System Management
Bachelor,Information System Management
Master,Information System Management
PhD,Information System Management
Certificate,Construction Management and Construction Economics
Diploma,Construction Management and Construction Economics
Bachelor,Construction Management and Construction Economics
Master,Construction Management and Construction Economics
PhD,Construction Management and Construction Economics
Certificate,Computing Science
Diploma,Computing Science
Bachelor,Computing Science
Master,Computing Science
PhD,Computing Science
Certificate,Mechanical Engineering (specialization in Automotive and Control Systems)
Diploma,Mechanical Engineering (specialization in Automotive and Control Systems)
Bachelor,Mechanical Engineering (specialization in Automotive and Control Systems)
Master,Mechanical Engineering (specialization in Automotive and Control Systems)
PhD,Mechanical Engineering (specialization in Automotive and Control Systems)
Certificate,Informatics
Diploma,Informatics
Bachelor,Informatics
Master,Informatics
PhD,Informatics
Certificate,Arts
Diploma,Arts
Bachelor,Arts
Master,Arts
PhD,Arts
Certificate,Advertising
Diploma,Advertising
Bachelor,Advertising
Master,Advertising
PhD,Advertising
Certificate,German as a Foreign Language
Diploma,German as a Foreign Language
Bachelor,German as a Foreign Language
Master,German as a Foreign Language
PhD,German as a Foreign Language
Certificate,Communication
Diploma,Communication
Bachelor,Communication
Master,Communication
PhD,Communication
Certificate,Fire Safety Management
Diploma,Fire Safety Management
Bachelor,Fire Safety Management
Master,Fire Safety Management
PhD,Fire Safety Management
Certificate,Food and Bioressource Technology
Diploma,Food and Bioressource Technology
Bachelor,Food and Bioressource Technology
Master,Food and Bioressource Technology
PhD,Food and Bioressource Technology
Certificate,"Chemical Engineering, Operation & Environmental Technology"
Diploma,"Chemical Engineering, Operation & Environmental Technology"
Bachelor,"Chemical Engineering, Operation & Environmental Technology"
Master,"Chemical Engineering, Operation & Environmental Technology"
PhD,"Chemical Engineering, Operation & Environmental Technology"
Certificate,Civil and Environmental Engineering
Diploma,Civil and Environmental Engineering
Bachelor,Civil and Environmental Engineering
Master,Civil and Environmental Engineering
PhD,Civil and Environmental Engineering
Certificate,Physical Sciences
Diploma,Physical Sciences
Bachelor,Physical Sciences
Master,Physical Sciences
PhD,Physical Sciences
Certificate,Entrepreneuring
Diploma,Entrepreneuring
Bachelor,Entrepreneuring
Master,Entrepreneuring
PhD,Entrepreneuring
Certificate,Electronic Engineering & Computer Graphics
Diploma,Electronic Engineering & Computer Graphics
Bachelor,Electronic Engineering & Computer Graphics
Master,Electronic Engineering & Computer Graphics
PhD,Electronic Engineering & Computer Graphics
Certificate,Nuclear and Bio-Medical Engineering
Diploma,Nuclear and Bio-Medical Engineering
Bachelor,Nuclear and Bio-Medical Engineering
Master,Nuclear and Bio-Medical Engineering
PhD,Nuclear and Bio-Medical Engineering
Certificate,Mathematics with Computing
Diploma,Mathematics with Computing
Bachelor,Mathematics with Computing
Master,Mathematics with Computing
PhD,Mathematics with Computing
Certificate,Integrated Business
Diploma,Integrated Business
Bachelor,Integrated Business
Master,Integrated Business
PhD,Integrated Business
Certificate,Maritime Administration and Economics
Diploma,Maritime Administration and Economics
Bachelor,Maritime Administration and Economics
Master,Maritime Administration and Economics
PhD,Maritime Administration and Economics
Certificate,Electrical Engineering and Computer Science
Diploma,Electrical Engineering and Computer Science
Bachelor,Electrical Engineering and Computer Science
Master,Electrical Engineering and Computer Science
PhD,Electrical Engineering and Computer Science
Certificate,Photojournalism
Diploma,Photojournalism
Bachelor,Photojournalism
Master,Photojournalism
PhD,Photojournalism
Certificate,General Technology
Diploma,General Technology
Bachelor,General Technology
Master,General Technology
PhD,General Technology
Certificate,Computer Networking
Diploma,Computer Networking
Bachelor,Computer Networking
Master,Computer Networking
PhD,Computer Networking
Certificate,Banking
Diploma,Banking
Bachelor,Banking
Master,Banking
PhD,Banking
Certificate,Diagnostic Medical Sonography
Diploma,Diagnostic Medical Sonography
Bachelor,Diagnostic Medical Sonography
Master,Diagnostic Medical Sonography
PhD,Diagnostic Medical Sonography
Certificate,Computer Application
Diploma,Computer Application
Bachelor,Computer Application
Master,Computer Application
PhD,Computer Application
Certificate,Mathematics
Diploma,Mathematics
Bachelor,Mathematics
Master,Mathematics
PhD,Mathematics
Certificate,Financial Economics
Diploma,Financial Economics
Bachelor,Financial Economics
Master,Financial Economics
PhD,Financial Economics
Certificate,Business Analytics and Project Management
Diploma,Business Analytics and Project Management
Bachelor,Business Analytics and Project Management
Master,Business Analytics and Project Management
PhD,Business Analytics and Project Management
Certificate,Global Economics
Diploma,Global Economics
Bachelor,Global Economics
Master,Global Economics
PhD,Global Economics
Certificate,Global Studies
Diploma,Global Studies
Bachelor,Global Studies
Master,Global Studies
PhD,Global Studies
Certificate,Strategic Management and Marketing
Diploma,Strategic Management and Marketing
Bachelor,Strategic Management and Marketing
Master,Strategic Management and Marketing
PhD,Strategic Management and Marketing
Certificate,Art Studies
Diploma,Art Studies
Bachelor,Art Studies
Master,Art Studies
PhD,Art Studies
Certificate,Curriculum and Instruction: Language and Literacy
Diploma,Curriculum and Instruction: Language and Literacy
Bachelor,Curriculum and Instruction: Language and Literacy
Master,Curriculum and Instruction: Language and Literacy
PhD,Curriculum and Instruction: Language and Literacy
Certificate,Secondary Education for the Deaf and Hard of Hearing
Diploma,Secondary Education for the Deaf and Hard of Hearing
Bachelor,Secondary Education for the Deaf and Hard of Hearing
Master,Secondary Education for the Deaf and Hard of Hearing
PhD,Secondary Education for the Deaf and Hard of Hearing
Certificate,English
Diploma,English
Bachelor,English
Master,English
PhD,English
Certificate,Environmental Studies
Diploma,Environmental Studies
Bachelor,Environmental Studies
Master,Environmental Studies
PhD,Environmental Studies
Certificate,Environmental Safety and Health
Diploma,Environmental Safety and Health
Bachelor,Environmental Safety and Health
Master,Environmental Safety and Health
PhD,Environmental Safety and Health
Certificate,Urban Fire Science Emphasis
Diploma,Urban Fire Science Emphasis
Bachelor,Urban Fire Science Emphasis
Master,Urban Fire Science Emphasis
PhD,Urban Fire Science Emphasis
Certificate,Wildland Fire Science Emphasis
Diploma,Wildland Fire Science Emphasis
Bachelor,Wildland Fire Science Emphasis
Master,Wildland Fire Science Emphasis
PhD,Wildland Fire Science Emphasis
Certificate,"Business Administration and Management, Accounting, and Finance"
Diploma,"Business Administration and Management, Accounting, and Finance"
Bachelor,"Business Administration and Management, Accounting, and Finance"
Master,"Business Administration and Management, Accounting, and Finance"
PhD,"Business Administration and Management, Accounting, and Finance"
Certificate,Buisness
Diploma,Buisness
Bachelor,Buisness
Master,Buisness
PhD,Buisness
Certificate,Design and Visual Communications
Diploma,Design and Visual Communications
Bachelor,Design and Visual Communications
Master,Design and Visual Communications
PhD,Design and Visual Communications
Certificate,Digital Media
Diploma,Digital Media
Bachelor,Digital Media
Master,Digital Media
PhD,Digital Media
Certificate,Business Marketing
Diploma,Business Marketing
Bachelor,Business Marketing
Master,Business Marketing
PhD,Business Marketing
Certificate,Electronics
Diploma,Electronics
Bachelor,Electronics
Master,Electronics
PhD,Electronics
Certificate,Analytical Chemistry
Diploma,Analytical Chemistry
Bachelor,Analytical Chemistry
Master,Analytical Chemistry
PhD,Analytical Chemistry
Certificate,American History
Diploma,American History
Bachelor,American History
Master,American History
PhD,American History
Certificate,Microbiology
Diploma,Microbiology
Bachelor,Microbiology
Master,Microbiology
PhD,Microbiology
Certificate,"Hospitality, Hotel and Restaurant Management"
Diploma,"Hospitality, Hotel and Restaurant Management"
Bachelor,"Hospitality, Hotel and Restaurant Management"
Master,"Hospitality, Hotel and Restaurant Management"
PhD,"Hospitality, Hotel and Restaurant Management"
Certificate,Management of Foreign-Economic Activity
Diploma,Management of Foreign-Economic Activity
Bachelor,Management of Foreign-Economic Activity
Master,Management of Foreign-Economic Activity
PhD,Management of Foreign-Economic Activity
Certificate,Medical Billing and Coding
Diploma,Medical Billing and Coding
Bachelor,Medical Billing and Coding
Master,Medical Billing and Coding
PhD,Medical Billing and Coding
Certificate,Pharmacy Technician
Diploma,Pharmacy Technician
Bachelor,Pharmacy Technician
Master,Pharmacy Technician
PhD,Pharmacy Technician
Certificate,Organizational Leadership
Diploma,Organizational Leadership
Bachelor,Organizational Leadership
Master,Organizational Leadership
PhD,Organizational Leadership
Certificate,Finance and Real Estate
Diploma,Finance and Real Estate
Bachelor,Finance and Real Estate
Master,Finance and Real Estate
PhD,Finance and Real Estate
Certificate,Applied Learning and Development
Diploma,Applied Learning and Development
Bachelor,Applied Learning and Development
Master,Applied Learning and Development
PhD,Applied Learning and Development
Certificate,Graphic Design and Studio Art
Diploma,Graphic Design and Studio Art
Bachelor,Graphic Design and Studio Art
Master,Graphic Design and Studio Art
PhD,Graphic Design and Studio Art
Certificate,"Business, Management, Marketing, and Related Support Services"
Diploma,"Business, Management, Marketing, and Related Support Services"
Bachelor,"Business, Management, Marketing, and Related Support Services"
Master,"Business, Management, Marketing, and Related Support Services"
PhD,"Business, Management, Marketing, and Related Support Services"
Certificate,Financial Analysis
Diploma,Financial Analysis
Bachelor,Financial Analysis
Master,Financial Analysis
PhD,Financial Analysis
Certificate,Entrepreneurship and Business Management
Diploma,Entrepreneurship and Business Management
Bachelor,Entrepreneurship and Business Management
Master,Entrepreneurship and Business Management
PhD,Entrepreneurship and Business Management
Certificate,Real Estate
Diploma,Real Estate
Bachelor,Real Estate
Master,Real Estate
PhD,Real Estate
Certificate,Latin American Studies
Diploma,Latin American Studies
Bachelor,Latin American Studies
Master,Latin American Studies
PhD,Latin American Studies
Certificate,Regional Studies: Latin America
Diploma,Regional Studies: Latin America
Bachelor,Regional Studies: Latin America
Master,Regional Studies: Latin America
PhD,Regional Studies: Latin America
Certificate,Computer and Information Systems
Diploma,Computer and Information Systems
Bachelor,Computer and Information Systems
Master,Computer and Information Systems
PhD,Computer and Information Systems
Certificate,Electronics Engineering
Diploma,Electronics Engineering
Bachelor,Electronics Engineering
Master,Electronics Engineering
PhD,Electronics Engineering
Certificate,Science
Diploma,Science
Bachelor,Science
Master,Science
PhD,Science
Certificate,Microsoft Office Softwares
Diploma,Microsoft Office Softwares
Bachelor,Microsoft Office Softwares
Master,Microsoft Office Softwares
PhD,Microsoft Office Softwares
Certificate,Health Administration
Diploma,Health Administration
Bachelor,Health Administration
Master,Health Administration
PhD,Health Administration
Certificate,Biological Sciences
Diploma,Biological Sciences
Bachelor,Biological Sciences
Master,Biological Sciences
PhD,Biological Sciences
Certificate,Fashion Merchandising and Textile Design/Marketing
Diploma,Fashion Merchandising and Textile Design/Marketing
Bachelor,Fashion Merchandising and Textile Design/Marketing
Master,Fashion Merchandising and Textile Design/Marketing
PhD,Fashion Merchandising and Textile Design/Marketing
Certificate,English Education
Diploma,English Education
Bachelor,English Education
Master,English Education
PhD,English Education
Certificate,Art History
Diploma,Art History
Bachelor,Art History
Master,Art History
PhD,Art History
Certificate,Criminal Justice
Diploma,Criminal Justice
Bachelor,Criminal Justice
Master,Criminal Justice
PhD,Criminal Justice
Certificate,Accredited Consultant & Trainer
Diploma,Accredited Consultant & Trainer
Bachelor,Accredited Consultant & Trainer
Master,Accredited Consultant & Trainer
PhD,Accredited Consultant & Trainer
Certificate,Certified Practitioner of Meta Dynamics
Diploma,Certified Practitioner of Meta Dynamics
Bachelor,Certified Practitioner of Meta Dynamics
Master,Certified Practitioner of Meta Dynamics
PhD,Certified Practitioner of Meta Dynamics
Certificate,Software Engineering
Diploma,Software Engineering
Bachelor,Software Engineering
Master,Software Engineering
PhD,Software Engineering
Certificate,Operations Management and Supervision
Diploma,Operations Management and Supervision
Bachelor,Operations Management and Supervision
Master,Operations Management and Supervision
PhD,Operations Management and Supervision
Certificate,Design
Diploma,Design
Bachelor,Design
Master,Design
PhD,Design
Certificate,Real Estate Management
Diploma,Real Estate Management
Bachelor,Real Estate Management
Master,Real Estate Management
PhD,Real Estate Management
Certificate,Real Estate Development
Diploma,Real Estate Development
Bachelor,Real Estate Development
Master,Real Estate Development
PhD,Real Estate Development
Certificate,Leadership
Diploma,Leadership
Bachelor,Leadership
Master,Leadership
PhD,Leadership
Certificate,Arranging on Architectural Environment
Diploma,Arranging on Architectural Environment
Bachelor,Arranging on Architectural Environment
Master,Arranging on Architectural Environment
PhD,Arranging on Architectural Environment
Certificate,Sciences and Industrial Technology Arts Applied
Diploma,Sciences and Industrial Technology Arts Applied
Bachelor,Sciences and Industrial Technology Arts Applied
Master,Sciences and Industrial Technology Arts Applied
PhD,Sciences and Industrial Technology Arts Applied
Certificate,Fashion/Apparel Design
Diploma,Fashion/Apparel Design
Bachelor,Fashion/Apparel Design
Master,Fashion/Apparel Design
PhD,Fashion/Apparel Design
Certificate,Software Development and Information Systems
Diploma,Software Development and Information Systems
Bachelor,Software Development and Information Systems
Master,Software Development and Information Systems
PhD,Software Development and Information Systems
Certificate,Complementary Medicine
Diploma,Complementary Medicine
Bachelor,Complementary Medicine
Master,Complementary Medicine
PhD,Complementary Medicine
Certificate,Naturopathy
Diploma,Naturopathy
Bachelor,Naturopathy
Master,Naturopathy
PhD,Naturopathy
Certificate,Political Science and International Relations
Diploma,Political Science and International Relations
Bachelor,Political Science and International Relations
Master,Political Science and International Relations
PhD,Political Science and International Relations
Certificate,International Relations and Security Studies
Diploma,International Relations and Security Studies
Bachelor,International Relations and Security Studies
Master,International Relations and Security Studies
PhD,International Relations and Security Studies
Certificate,International Relations and Affairs
Diploma,International Relations and Affairs
Bachelor,International Relations and Affairs
Master,International Relations and Affairs
PhD,International Relations and Affairs
Certificate,Statistics
Diploma,Statistics
Bachelor,Statistics
Master,Statistics
PhD,Statistics
Certificate,Chemical Laboratory Technology
Diploma,Chemical Laboratory Technology
Bachelor,Chemical Laboratory Technology
Master,Chemical Laboratory Technology
PhD,Chemical Laboratory Technology
Certificate,Film Production Technology
Diploma,Film Production Technology
Bachelor,Film Production Technology
Master,Film Production Technology
PhD,Film Production Technology
Certificate,Communication and Media Studies
Diploma,Communication and Media Studies
Bachelor,Communication and Media Studies
Master,Communication and Media Studies
PhD,Communication and Media Studies
Certificate,Accounting | Business and Management
Diploma,Accounting | Business and Management
Bachelor,Accounting | Business and Management
Master,Accounting | Business and Management
PhD,Accounting | Business and Management
Certificate,Curriculum and Instruction in Multicultural Contexts
Diploma,Curriculum and Instruction in Multicultural Contexts
Bachelor,Curriculum and Instruction in Multicultural Contexts
Master,Curriculum and Instruction in Multicultural Contexts
PhD,Curriculum and Instruction in Multicultural Contexts
Certificate,Education & Human Development
Diploma,Education & Human Development
Bachelor,Education & Human Development
Master,Education & Human Development
PhD,Education & Human Development
Certificate,Motion Graphics
Diploma,Motion Graphics
Bachelor,Motion Graphics
Master,Motion Graphics
PhD,Motion Graphics
Certificate,"Theater, Puppetry, Writing"
Diploma,"Theater, Puppetry, Writing"
Bachelor,"Theater, Puppetry, Writing"
Master,"Theater, Puppetry, Writing"
PhD,"Theater, Puppetry, Writing"
Certificate,Electrical Power
Diploma,Electrical Power
Bachelor,Electrical Power
Master,Electrical Power
PhD,Electrical Power
Certificate,Apparel and Textiles Engineering
Diploma,Apparel and Textiles Engineering
Bachelor,Apparel and Textiles Engineering
Master,Apparel and Textiles Engineering
PhD,Apparel and Textiles Engineering
Certificate,Political Science
Diploma,Political Science
Bachelor,Political Science
Master,Political Science
PhD,Political Science
Certificate,Computer Operations and Office Management
Diploma,Computer Operations and Office Management
Bachelor,Computer Operations and Office Management
Master,Computer Operations and Office Management
PhD,Computer Operations and Office Management
Certificate,Pharmaceutical
Diploma,Pharmaceutical
Bachelor,Pharmaceutical
Master,Pharmaceutical
PhD,Pharmaceutical
Certificate,Clinical Pharmacist
Diploma,Clinical Pharmacist
Bachelor,Clinical Pharmacist
Master,Clinical Pharmacist
PhD,Clinical Pharmacist
Certificate,Healthcare Quality Management
Diploma,Healthcare Quality Management
Bachelor,Healthcare Quality Management
Master,Healthcare Quality Management
PhD,Healthcare Quality Management
Certificate,Medicine
Diploma,Medicine
Bachelor,Medicine
Master,Medicine
PhD,Medicine
Certificate,Telecommunications Engineering
Diploma,Telecommunications Engineering
Bachelor,Telecommunications Engineering
Master,Telecommunications Engineering
PhD,Telecommunications Engineering
Certificate,Organic Chemistry
Diploma,Organic Chemistry
Bachelor,Organic Chemistry
Master,Organic Chemistry
PhD,Organic Chemistry
Certificate,"Global Marketing, Sales Force Management, Integrated Marketing Communications, Strategic Planning"
Diploma,"Global Marketing, Sales Force Management, Integrated Marketing Communications, Strategic Planning"
Bachelor,"Global Marketing, Sales Force Management, Integrated Marketing Communications, Strategic Planning"
Master,"Global Marketing, Sales Force Management, Integrated Marketing Communications, Strategic Planning"
PhD,"Global Marketing, Sales Force Management, Integrated Marketing Communications, Strategic Planning"
Certificate,"Economics, Intellectual Property rights, Trademarks and Copyright Law, Accounting, Marketing"
Diploma,"Economics, Intellectual Property rights, Trademarks and Copyright Law, Accounting, Marketing"
Bachelor,"Economics, Intellectual Property rights, Trademarks and Copyright Law, Accounting, Marketing"
Master,"Economics, Intellectual Property rights, Trademarks and Copyright Law, Accounting, Marketing"
PhD,"Economics, Intellectual Property rights, Trademarks and Copyright Law, Accounting, Marketing"
Certificate,Computer Science and Physics
Diploma,Computer Science and Physics
Bachelor,Computer Science and Physics
Master,Computer Science and Physics
PhD,Computer Science and Physics
Certificate,Floristry Operations and Management
Diploma,Floristry Operations and Management
Bachelor,Floristry Operations and Management
Master,Floristry Operations and Management
PhD,Floristry Operations and Management
Certificate,Health Care Administration and Management
Diploma,Health Care Administration and Management
Bachelor,Health Care Administration and Management
Master,Health Care Administration and Management
PhD,Health Care Administration and Management
Certificate,Biomedical Engineering
Diploma,Biomedical Engineering
Bachelor,Biomedical Engineering
Master,Biomedical Engineering
PhD,Biomedical Engineering
Certificate,Economics and Accounting
Diploma,Economics and Accounting
Bachelor,Economics and Accounting
Master,Economics and Accounting
PhD,Economics and Accounting
Certificate,Recreation Administration (Resort and Lodging Management)
Diploma,Recreation Administration (Resort and Lodging Management)
Bachelor,Recreation Administration (Resort and Lodging Management)
Master,Recreation Administration (Resort and Lodging Management)
PhD,Recreation Administration (Resort and Lodging Management)
Certificate,Health Information and Medical Records Administration
Diploma,Health Information and Medical Records Administration
Bachelor,Health Information and Medical Records Administration
Master,Health Information and Medical Records Administration
PhD,Health Information and Medical Records Administration
Certificate,Health Leadership
Diploma,Health Leadership
Bachelor,Health Leadership
Master,Health Leadership
PhD,Health Leadership
Certificate,Electrical Utility Planning
Diploma,Electrical Utility Planning
Bachelor,Electrical Utility Planning
Master,Electrical Utility Planning
PhD,Electrical Utility Planning
Certificate,Occupational Therapy
Diploma,Occupational Therapy
Bachelor,Occupational Therapy
Master,Occupational Therapy
PhD,Occupational Therapy
Certificate,Kinesiology
Diploma,Kinesiology
Bachelor,Kinesiology
Master,Kinesiology
PhD,Kinesiology
Certificate,Gender and Sexuality
Diploma,Gender and Sexuality
Bachelor,Gender and Sexuality
Master,Gender and Sexuality
PhD,Gender and Sexuality
Certificate,Welding Engineering Technology
Diploma,Welding Engineering Technology
Bachelor,Welding Engineering Technology
Master,Welding Engineering Technology
PhD,Welding Engineering Technology
Certificate,Fashion design
Diploma,Fashion design
Bachelor,Fashion design
Master,Fashion design
PhD,Fashion design
Certificate,Marketing and Leadership
Diploma,Marketing and Leadership
Bachelor,Marketing and Leadership
Master,Marketing and Leadership
PhD,Marketing and Leadership
Certificate,Computer Programming
Diploma,Computer Programming
Bachelor,Computer Programming
Master,Computer Programming
PhD,Computer Programming
Certificate,English/ Language Arts Teacher Education
Diploma,English/ Language Arts Teacher Education
Bachelor,English/ Language Arts Teacher Education
Master,English/ Language Arts Teacher Education
PhD,English/ Language Arts Teacher Education
Certificate,UX Design
Diploma,UX Design
Bachelor,UX Design
Master,UX Design
PhD,UX Design
Certificate,Honors Diploma
Diploma,Honors Diploma
Bachelor,Honors Diploma
Master,Honors Diploma
PhD,Honors Diploma
Certificate,Media Communication and Public Relations
Diploma,Media Communication and Public Relations
Bachelor,Media Communication and Public Relations
Master,Media Communication and Public Relations
PhD,Media Communication and Public Relations
Certificate,Mechanical and Industrial Engineeing
Diploma,Mechanical and Industrial Engineeing
Bachelor,Mechanical and Industrial Engineeing
Master,Mechanical and Industrial Engineeing
PhD,Mechanical and Industrial Engineeing
Certificate,Mechanics of Aircraft Structures
Diploma,Mechanics of Aircraft Structures
Bachelor,Mechanics of Aircraft Structures
Master,Mechanics of Aircraft Structures
PhD,Mechanics of Aircraft Structures
Certificate,International Commercial Law
Diploma,International Commercial Law
Bachelor,International Commercial Law
Master,International Commercial Law
PhD,International Commercial Law
Certificate,Jurisprudence and Civil Law
Diploma,Jurisprudence and Civil Law
Bachelor,Jurisprudence and Civil Law
Master,Jurisprudence and Civil Law
PhD,Jurisprudence and Civil Law
Certificate,"Business, Law and Social Sciences"
Diploma,"Business, Law and Social Sciences"
Bachelor,"Business, Law and Social Sciences"
Master,"Business, Law and Social Sciences"
PhD,"Business, Law and Social Sciences"
Certificate,Management
Diploma,Management
Bachelor,Management
Master,Management
PhD,Management
Certificate,Sports Science
Diploma,Sports Science
Bachelor,Sports Science
Master,Sports Science
PhD,Sports Science
Certificate,Economics and Entrepreneural Studies
Diploma,Economics and Entrepreneural Studies
Bachelor,Economics and Entrepreneural Studies
Master,Economics and Entrepreneural Studies
PhD,Economics and Entrepreneural Studies
Certificate,English Literature
Diploma,English Literature
Bachelor,English Literature
Master,English Literature
PhD,English Literature
Certificate,Office Administration
Diploma,Office Administration
Bachelor,Office Administration
Master,Office Administration
PhD,Office Administration
Certificate,Automotive Engineering Technology
Diploma,Automotive Engineering Technology
Bachelor,Automotive Engineering Technology
Master,Automotive Engineering Technology
PhD,Automotive Engineering Technology
Certificate,Business and Corporate Communications
Diploma,Business and Corporate Communications
Bachelor,Business and Corporate Communications
Master,Business and Corporate Communications
PhD,Business and Corporate Communications
Certificate,Evolutionary Genomics and Plant Pathology
Diploma,Evolutionary Genomics and Plant Pathology
Bachelor,Evolutionary Genomics and Plant Pathology
Master,Evolutionary Genomics and Plant Pathology
PhD,Evolutionary Genomics and Plant Pathology
Certificate,Agricultural Engineering
Diploma,Agricultural Engineering
Bachelor,Agricultural Engineering
Master,Agricultural Engineering
PhD,Agricultural Engineering
Certificate,Operations Management
Diploma,Operations Management
Bachelor,Operations Management
Master,Operations Management
PhD,Operations Management
Certificate,Art and Architecture
Diploma,Art and Architecture
Bachelor,Art and Architecture
Master,Art and Architecture
PhD,Art and Architecture
Certificate,Chiropractic
Diploma,Chiropractic
Bachelor,Chiropractic
Master,Chiropractic
PhD,Chiropractic
Certificate,Exercise Physiology
Diploma,Exercise Physiology
Bachelor,Exercise Physiology
Master,Exercise Physiology
PhD,Exercise Physiology
Certificate,Kinesiology and Exercise Science
Diploma,Kinesiology and Exercise Science
Bachelor,Kinesiology and Exercise Science
Master,Kinesiology and Exercise Science
PhD,Kinesiology and Exercise Science
Certificate,Industrial and Systems Engineering
Diploma,Industrial and Systems Engineering
Bachelor,Industrial and Systems Engineering
Master,Industrial and Systems Engineering
PhD,Industrial and Systems Engineering
Certificate,Accounting and Business Management
Diploma,Accounting and Business Management
Bachelor,Accounting and Business Management
Master,Accounting and Business Management
PhD,Accounting and Business Management
Certificate,Advertising and Fashion Merchandising
Diploma,Advertising and Fashion Merchandising
Bachelor,Advertising and Fashion Merchandising
Master,Advertising and Fashion Merchandising
PhD,Advertising and Fashion Merchandising
Certificate,Organizational Management
Diploma,Organizational Management
Bachelor,Organizational Management
Master,Organizational Management
PhD,Organizational Management
Certificate,"Buisness Administration, Computer Science and Accounting"
Diploma,"Buisness Administration, Computer Science and Accounting"
Bachelor,"Buisness Administration, Computer Science and Accounting"
Master,"Buisness Administration, Computer Science and Accounting"
PhD,"Buisness Administration, Computer Science and Accounting"
Certificate,Finance and Credit
Diploma,Finance and Credit
Bachelor,Finance and Credit
Master,Finance and Credit
PhD,Finance and Credit
Certificate,Economy and Planning
Diploma,Economy and Planning
Bachelor,Economy and Planning
Master,Economy and Planning
PhD,Economy and Planning
Certificate,Marketing and Indonesian
Diploma,Marketing and Indonesian
Bachelor,Marketing and Indonesian
Master,Marketing and Indonesian
PhD,Marketing and Indonesian
Certificate,Traumatherapy
Diploma,Traumatherapy
Bachelor,Traumatherapy
Master,Traumatherapy
PhD,Traumatherapy
Certificate,Business Management and Psychology
Diploma,Business Management and Psychology
Bachelor,Business Management and Psychology
Master,Business Management and Psychology
PhD,Business Management and Psychology
Certificate,Combustion Engineering
Diploma,Combustion Engineering
Bachelor,Combustion Engineering
Master,Combustion Engineering
PhD,Combustion Engineering
Certificate,Automotive Engineering
Diploma,Automotive Engineering
Bachelor,Automotive Engineering
Master,Automotive Engineering
PhD,Automotive Engineering
Certificate,Human Resources Management
Diploma,Human Resources Management
Bachelor,Human Resources Management
Master,Human Resources Management
PhD,Human Resources Management
Certificate,Telecommunications Engineering Technology
Diploma,Telecommunications Engineering Technology
Bachelor,Telecommunications Engineering Technology
Master,Telecommunications Engineering Technology
PhD,Telecommunications Engineering Technology
Certificate,Accounting and Computer Science
Diploma,Accounting and Computer Science
Bachelor,Accounting and Computer Science
Master,Accounting and Computer Science
PhD,Accounting and Computer Science
Certificate,Graphic Design and Advertising
Diploma,Graphic Design and Advertising
Bachelor,Graphic Design and Advertising
Master,Graphic Design and Advertising
PhD,Graphic Design and Advertising
Certificate,Pre-Medicine/Integrated Life Sciences
Diploma,Pre-Medicine/Integrated Life Sciences
Bachelor,Pre-Medicine/Integrated Life Sciences
Master,Pre-Medicine/Integrated Life Sciences
PhD,Pre-Medicine/Integrated Life Sciences
Certificate,Russian Language and Literature
Diploma,Russian Language and Literature
Bachelor,Russian Language and Literature
Master,Russian Language and Literature
PhD,Russian Language and Literature
Certificate,Mass Communication and Media Studies
Diploma,Mass Communication and Media Studies
Bachelor,Mass Communication and Media Studies
Master,Mass Communication and Media Studies
PhD,Mass Communication and Media Studies
Certificate,Change Management
Diploma,Change Management
Bachelor,Change Management
Master,Change Management
PhD,Change Management
Certificate,Industrial Production Technology
Diploma,Industrial Production Technology
Bachelor,Industrial Production Technology
Master,Industrial Production Technology
PhD,Industrial Production Technology
Certificate,Qualified Medical Informatics
Diploma,Qualified Medical Informatics
Bachelor,Qualified Medical Informatics
Master,Qualified Medical Informatics
PhD,Qualified Medical Informatics
Certificate,Information Communication Technology
Diploma,Information Communication Technology
Bachelor,Information Communication Technology
Master,Information Communication Technology
PhD,Information Communication Technology
Certificate,Forestry
Diploma,Forestry
Bachelor,Forestry
Master,Forestry
PhD,Forestry
Certificate,Forest Resources Management
Diploma,Forest Resources Management
Bachelor,Forest Resources Management
Master,Forest Resources Management
PhD,Forest Resources Management
Certificate,Illustration and Graphic Design
Diploma,Illustration and Graphic Design
Bachelor,Illustration and Graphic Design
Master,Illustration and Graphic Design
PhD,Illustration and Graphic Design
Certificate,Management of Hospitality
Diploma,Management of Hospitality
Bachelor,Management of Hospitality
Master,Management of Hospitality
PhD,Management of Hospitality
Certificate,Food & Beverages Division
Diploma,Food & Beverages Division
Bachelor,Food & Beverages Division
Master,Food & Beverages Division
PhD,Food & Beverages Division
Certificate,Advanced Computer Science
Diploma,Advanced Computer Science
Bachelor,Advanced Computer Science
Master,Advanced Computer Science
PhD,Advanced Computer Science
Certificate,Fashion Management and Marketing
Diploma,Fashion Management and Marketing
Bachelor,Fashion Management and Marketing
Master,Fashion Management and Marketing
PhD,Fashion Management and Marketing
Certificate,Advertisement
Diploma,Advertisement
Bachelor,Advertisement
Master,Advertisement
PhD,Advertisement
Certificate,Environmental Chemistry
Diploma,Environmental Chemistry
Bachelor,Environmental Chemistry
Master,Environmental Chemistry
PhD,Environmental Chemistry
Certificate,Analytical Chemistry (Nanochemistry)
Diploma,Analytical Chemistry (Nanochemistry)
Bachelor,Analytical Chemistry (Nanochemistry)
Master,Analytical Chemistry (Nanochemistry)
PhD,Analytical Chemistry (Nanochemistry)
Certificate,Applied Chemistry
Diploma,Applied Chemistry
Bachelor,Applied Chemistry
Master,Applied Chemistry
PhD,Applied Chemistry
Certificate,Cybersecurity
Diploma,Cybersecurity
Bachelor,Cybersecurity
Master,Cybersecurity
PhD,Cybersecurity
Certificate,Software Engeneering
Diploma,Software Engeneering
Bachelor,Software Engeneering
Master,Software Engeneering
PhD,Software Engeneering
Certificate,Data Processing
Diploma,Data Processing
Bachelor,Data Processing
Master,Data Processing
PhD,Data Processing
Certificate,Political Science and International Studies
Diploma,Political Science and International Studies
Bachelor,Political Science and International Studies
Master,Political Science and International Studies
PhD,Political Science and International Studies
Certificate,Management of Information Systems
Diploma,Management of Information Systems
Bachelor,Management of Information Systems
Master,Management of Information Systems
PhD,Management of Information Systems
Certificate,Agricultural Business Operations
Diploma,Agricultural Business Operations
Bachelor,Agricultural Business Operations
Master,Agricultural Business Operations
PhD,Agricultural Business Operations
Certificate,Agricultural Science
Diploma,Agricultural Science
Bachelor,Agricultural Science
Master,Agricultural Science
PhD,Agricultural Science
Certificate,Nurse Anesthetist
Diploma,Nurse Anesthetist
Bachelor,Nurse Anesthetist
Master,Nurse Anesthetist
PhD,Nurse Anesthetist
Certificate,Biological Engineering
Diploma,Biological Engineering
Bachelor,Biological Engineering
Master,Biological Engineering
PhD,Biological Engineering
Certificate,Regenerative Medicine - Cardiac Regeneration
Diploma,Regenerative Medicine - Cardiac Regeneration
Bachelor,Regenerative Medicine - Cardiac Regeneration
Master,Regenerative Medicine - Cardiac Regeneration
PhD,Regenerative Medicine - Cardiac Regeneration
Certificate,Digital Culture & Society
Diploma,Digital Culture & Society
Bachelor,Digital Culture & Society
Master,Digital Culture & Society
PhD,Digital Culture & Society
Certificate,Cultural Anthropology
Diploma,Cultural Anthropology
Bachelor,Cultural Anthropology
Master,Cultural Anthropology
PhD,Cultural Anthropology
Certificate,Neuroscience
Diploma,Neuroscience
Bachelor,Neuroscience
Master,Neuroscience
PhD,Neuroscience
Certificate,"French Studies, History of Art"
Diploma,"French Studies, History of Art"
Bachelor,"French Studies, History of Art"
Master,"French Studies, History of Art"
PhD,"French Studies, History of Art"
Certificate,Corporate / Executive Coaching
Diploma,Corporate / Executive Coaching
Bachelor,Corporate / Executive Coaching
Master,Corporate / Executive Coaching
PhD,Corporate / Executive Coaching
Certificate,Business Workshop Facilitation
Diploma,Business Workshop Facilitation
Bachelor,Business Workshop Facilitation
Master,Business Workshop Facilitation
PhD,Business Workshop Facilitation
Certificate,English Philology
Diploma,English Philology
Bachelor,English Philology
Master,English Philology
PhD,English Philology
Certificate,Building Construction Technology
Diploma,Building Construction Technology
Bachelor,Building Construction Technology
Master,Building Construction Technology
PhD,Building Construction Technology
Certificate,Investment Analysis
Diploma,Investment Analysis
Bachelor,Investment Analysis
Master,Investment Analysis
PhD,Investment Analysis
Certificate,Public Relations and Corporate Communications
Diploma,Public Relations and Corporate Communications
Bachelor,Public Relations and Corporate Communications
Master,Public Relations and Corporate Communications
PhD,Public Relations and Corporate Communications
Certificate,Employment Services
Diploma,Employment Services
Bachelor,Employment Services
Master,Employment Services
PhD,Employment Services
Certificate,Public Relations and Advertising
Diploma,Public Relations and Advertising
Bachelor,Public Relations and Advertising
Master,Public Relations and Advertising
PhD,Public Relations and Advertising
Certificate,Business Studies
Diploma,Business Studies
Bachelor,Business Studies
Master,Business Studies
PhD,Business Studies
Certificate,Applied Software Development
Diploma,Applied Software Development
Bachelor,Applied Software Development
Master,Applied Software Development
PhD,Applied Software Development
Certificate,Computer Engineering
Diploma,Computer Engineering
Bachelor,Computer Engineering
Master,Computer Engineering
PhD,Computer Engineering
Certificate,Computer Hardware
Diploma,Computer Hardware
Bachelor,Computer Hardware
Master,Computer Hardware
PhD,Computer Hardware
Certificate,Fine Arts and Graphic Design
Diploma,Fine Arts and Graphic Design
Bachelor,Fine Arts and Graphic Design
Master,Fine Arts and Graphic Design
PhD,Fine Arts and Graphic Design
Certificate,Manufacturing Engineering Tripos
Diploma,Manufacturing Engineering Tripos
Bachelor,Manufacturing Engineering Tripos
Master,Manufacturing Engineering Tripos
PhD,Manufacturing Engineering Tripos
Certificate,Media Arts
Diploma,Media Arts
Bachelor,Media Arts
Master,Media Arts
PhD,Media Arts
Certificate,Geology/Earth Science
Diploma,Geology/Earth Science
Bachelor,Geology/Earth Science
Master,Geology/Earth Science
PhD,Geology/Earth Science
Certificate,Marketing and Business Administration
Diploma,Marketing and Business Administration
Bachelor,Marketing and Business Administration
Master,Marketing and Business Administration
PhD,Marketing and Business Administration
Certificate,International Business and Project Management
Diploma,International Business and Project Management
Bachelor,International Business and Project Management
Master,International Business and Project Management
PhD,International Business and Project Management
Certificate,Commercial Photography
Diploma,Commercial Photography
Bachelor,Commercial Photography
Master,Commercial Photography
PhD,Commercial Photography
Certificate,"Commercial photography, Photojournalism, Product photography"
Diploma,"Commercial photography, Photojournalism, Product photography"
Bachelor,"Commercial photography, Photojournalism, Product photography"
Master,"Commercial photography, Photojournalism, Product photography"
PhD,"Commercial photography, Photojournalism, Product photography"
Certificate,Elementary/Special Edication
Diploma,Elementary/Special Edication
Bachelor,Elementary/Special Edication
Master,Elementary/Special Edication
PhD,Elementary/Special Edication
Certificate,Risk Management and Finance
Diploma,Risk Management and Finance
Bachelor,Risk Management and Finance
Master,Risk Management and Finance
PhD,Risk Management and Finance
Certificate,Criminal Justice and Law Enforcement Administration
Diploma,Criminal Justice and Law Enforcement Administration
Bachelor,Criminal Justice and Law Enforcement Administration
Master,Criminal Justice and Law Enforcement Administration
PhD,Criminal Justice and Law Enforcement Administration
Certificate,Portuguese Language
Diploma,Portuguese Language
Bachelor,Portuguese Language
Master,Portuguese Language
PhD,Portuguese Language
Certificate,Workplace Wellness and Health Promotion
Diploma,Workplace Wellness and Health Promotion
Bachelor,Workplace Wellness and Health Promotion
Master,Workplace Wellness and Health Promotion
PhD,Workplace Wellness and Health Promotion
Certificate,Electric and Computer Engineering
Diploma,Electric and Computer Engineering
Bachelor,Electric and Computer Engineering
Master,Electric and Computer Engineering
PhD,Electric and Computer Engineering
Certificate,Telecommunication Engineering
Diploma,Telecommunication Engineering
Bachelor,Telecommunication Engineering
Master,Telecommunication Engineering
PhD,Telecommunication Engineering
Certificate,Competition Law
Diploma,Competition Law
Bachelor,Competition Law
Master,Competition Law
PhD,Competition Law
Certificate,Computer Science and Engineering
Diploma,Computer Science and Engineering
Bachelor,Computer Science and Engineering
Master,Computer Science and Engineering
PhD,Computer Science and Engineering
Certificate,Psychology and Sociology
Diploma,Psychology and Sociology
Bachelor,Psychology and Sociology
Master,Psychology and Sociology
PhD,Psychology and Sociology
Certificate,Liberal Arts and Sciences/Liberal Studies
Diploma,Liberal Arts and Sciences/Liberal Studies
Bachelor,Liberal Arts and Sciences/Liberal Studies
Master,Liberal Arts and Sciences/Liberal Studies
PhD,Liberal Arts and Sciences/Liberal Studies
Certificate,Creative Writing
Diploma,Creative Writing
Bachelor,Creative Writing
Master,Creative Writing
PhD,Creative Writing
Certificate,Design and Merchandising
Diploma,Design and Merchandising
Bachelor,Design and Merchandising
Master,Design and Merchandising
PhD,Design and Merchandising
Certificate,"Writing and Poetics, Environmental Studies, Visual Art"
Diploma,"Writing and Poetics, Environmental Studies, Visual Art"
Bachelor,"Writing and Poetics, Environmental Studies, Visual Art"
Master,"Writing and Poetics, Environmental Studies, Visual Art"
PhD,"Writing and Poetics, Environmental Studies, Visual Art"
Certificate,Fine Art
Diploma,Fine Art
Bachelor,Fine Art
Master,Fine Art
PhD,Fine Art
Certificate,Society for Human Resource Management Learning System
Diploma,Society for Human Resource Management Learning System
Bachelor,Society for Human Resource Management Learning System
Master,Society for Human Resource Management Learning System
PhD,Society for Human Resource Management Learning System
Certificate,Sports Management
Diploma,Sports Management
Bachelor,Sports Management
Master,Sports Management
PhD,Sports Management
Certificate,Teaching Biology
Diploma,Teaching Biology
Bachelor,Teaching Biology
Master,Teaching Biology
PhD,Teaching Biology
Certificate,Graphic Communication with Typography
Diploma,Graphic Communication with Typography
Bachelor,Graphic Communication with Typography
Master,Graphic Communication with Typography
PhD,Graphic Communication with Typography
Certificate,"Income Tax, Financial Accounting, Business Study"
Diploma,"Income Tax, Financial Accounting, Business Study"
Bachelor,"Income Tax, Financial Accounting, Business Study"
Master,"Income Tax, Financial Accounting, Business Study"
PhD,"Income Tax, Financial Accounting, Business Study"
Certificate,Film-Making & Creative Media
Diploma,Film-Making & Creative Media
Bachelor,Film-Making & Creative Media
Master,Film-Making & Creative Media
PhD,Film-Making & Creative Media
Certificate,Interactive Design
Diploma,Interactive Design
Bachelor,Interactive Design
Master,Interactive Design
PhD,Interactive Design
Certificate,"Web Page, Digital/Multimedia and Information Resources Design"
Diploma,"Web Page, Digital/Multimedia and Information Resources Design"
Bachelor,"Web Page, Digital/Multimedia and Information Resources Design"
Master,"Web Page, Digital/Multimedia and Information Resources Design"
PhD,"Web Page, Digital/Multimedia and Information Resources Design"
Certificate,Computer Science and Technology
Diploma,Computer Science and Technology
Bachelor,Computer Science and Technology
Master,Computer Science and Technology
PhD,Computer Science and Technology
Certificate,Water Resources Engineering
Diploma,Water Resources Engineering
Bachelor,Water Resources Engineering
Master,Water Resources Engineering
PhD,Water Resources Engineering
Certificate,Writing and Publishing Studies
Diploma,Writing and Publishing Studies
Bachelor,Writing and Publishing Studies
Master,Writing and Publishing Studies
PhD,Writing and Publishing Studies
Certificate,British Sign Language
Diploma,British Sign Language
Bachelor,British Sign Language
Master,British Sign Language
PhD,British Sign Language
Certificate,Mathematical Sciences
Diploma,Mathematical Sciences
Bachelor,Mathematical Sciences
Master,Mathematical Sciences
PhD,Mathematical Sciences
Certificate,School Counseling
Diploma,School Counseling
Bachelor,School Counseling
Master,School Counseling
PhD,School Counseling
Certificate,Management Information Systems and Marketing
Diploma,Management Information Systems and Marketing
Bachelor,Management Information Systems and Marketing
Master,Management Information Systems and Marketing
PhD,Management Information Systems and Marketing
Certificate,Criminal and Child Psychology
Diploma,Criminal and Child Psychology
Bachelor,Criminal and Child Psychology
Master,Criminal and Child Psychology
PhD,Criminal and Child Psychology
Certificate,"Logistics, Materials, and Supply Chain Management"
Diploma,"Logistics, Materials, and Supply Chain Management"
Bachelor,"Logistics, Materials, and Supply Chain Management"
Master,"Logistics, Materials, and Supply Chain Management"
PhD,"Logistics, Materials, and Supply Chain Management"
Certificate,"Political Science, Methods and Models"
Diploma,"Political Science, Methods and Models"
Bachelor,"Political Science, Methods and Models"
Master,"Political Science, Methods and Models"
PhD,"Political Science, Methods and Models"
Certificate,Physician Assistant
Diploma,Physician Assistant
Bachelor,Physician Assistant
Master,Physician Assistant
PhD,Physician Assistant
Certificate,Emergency Medical Technology
Diploma,Emergency Medical Technology
Bachelor,Emergency Medical Technology
Master,Emergency Medical Technology
PhD,Emergency Medical Technology
Certificate,Agricultural Business and Management
Diploma,Agricultural Business and Management
Bachelor,Agricultural Business and Management
Master,Agricultural Business and Management
PhD,Agricultural Business and Management
Certificate,Food Technology and Processing
Diploma,Food Technology and Processing
Bachelor,Food Technology and Processing
Master,Food Technology and Processing
PhD,Food Technology and Processing
Certificate,Internal Auditing
Diploma,Internal Auditing
Bachelor,Internal Auditing
Master,Internal Auditing
PhD,Internal Auditing
Certificate,Accounting and Auditing
Diploma,Accounting and Auditing
Bachelor,Accounting and Auditing
Master,Accounting and Auditing
PhD,Accounting and Auditing
Certificate,Aerospace Engineering
Diploma,Aerospace Engineering
Bachelor,Aerospace Engineering
Master,Aerospace Engineering
PhD,Aerospace Engineering
